Susceptible,Infected,Recover,Dead,Iter,Zone
203,1,0,0,1,0
195,2,0,0,1,1
196,2,0,0,1,2
201,1,0,0,1,3
195,3,0,0,1,4
197,3,0,0,1,5
199,1,0,0,1,6
202,1,0,0,1,7
198,3,0,0,1,8
196,1,0,0,1,9
200,2,0,0,2,0
193,3,0,0,2,1
196,3,0,0,2,2
201,1,0,0,2,3
194,3,0,0,2,4
195,4,0,0,2,5
199,2,0,0,2,6
205,1,0,0,2,7
197,3,0,0,2,8
195,3,0,0,2,9
199,3,0,0,3,0
195,4,0,0,3,1
193,4,0,0,3,2
202,1,0,0,3,3
191,7,0,0,3,4
195,3,0,0,3,5
196,4,0,0,3,6
204,1,0,0,3,7
195,5,0,0,3,8
194,4,0,0,3,9
199,5,0,0,4,0
193,5,0,0,4,1
191,4,0,0,4,2
205,1,0,0,4,3
186,13,0,0,4,4
196,3,0,0,4,5
195,4,0,0,4,6
203,1,0,0,4,7
193,6,0,0,4,8
192,5,0,0,4,9
200,7,0,0,5,0
191,6,0,0,5,1
188,5,0,0,5,2
206,1,0,0,5,3
181,18,0,0,5,4
197,4,0,0,5,5
191,6,0,0,5,6
201,1,0,0,5,7
194,6,0,0,5,8
191,6,0,0,5,9
199,7,0,0,6,0
189,7,0,0,6,1
185,8,0,0,6,2
208,1,0,0,6,3
172,27,0,0,6,4
198,4,0,0,6,5
189,7,0,0,6,6
204,1,0,0,6,7
192,6,0,0,6,8
190,6,0,0,6,9
197,7,0,0,7,0
188,7,0,0,7,1
186,9,0,0,7,2
208,2,0,0,7,3
168,29,0,0,7,4
197,5,0,0,7,5
189,7,0,0,7,6
204,1,0,0,7,7
186,13,0,0,7,8
190,7,0,0,7,9
191,17,0,0,8,0
187,7,0,0,8,1
183,10,0,0,8,2
206,3,0,0,8,3
161,35,0,0,8,4
199,5,0,0,8,5
190,8,0,0,8,6
205,1,0,0,8,7
173,24,0,0,8,8
187,8,0,0,8,9
183,24,0,0,9,0
188,5,0,0,9,1
186,11,0,0,9,2
200,10,0,0,9,3
157,37,0,0,9,4
192,12,0,0,9,5
183,15,0,0,9,6
205,0,0,0,9,7
164,32,0,0,9,8
188,8,0,0,9,9
175,30,0,0,10,0
186,5,0,0,10,1
178,21,0,0,10,2
192,20,0,0,10,3
151,41,0,0,10,4
177,27,0,0,10,5
169,28,0,0,10,6
198,9,0,0,10,7
155,42,0,0,10,8
188,8,0,0,10,9
171,35,0,0,11,0
180,11,0,0,11,1
163,36,0,0,11,2
187,25,0,0,11,3
146,45,0,0,11,4
172,33,0,0,11,5
164,36,0,0,11,6
190,15,0,0,11,7
149,46,0,0,11,8
178,18,0,0,11,9
169,37,0,0,12,0
173,19,0,0,12,1
153,46,0,0,12,2
181,30,0,0,12,3
144,47,0,0,12,4
166,40,0,0,12,5
159,42,0,0,12,6
185,20,0,0,12,7
138,56,0,0,12,8
175,20,0,0,12,9
163,41,0,0,13,0
166,29,0,0,13,1
147,53,0,0,13,2
177,37,0,0,13,3
139,51,0,0,13,4
161,44,0,0,13,5
155,48,0,0,13,6
176,27,0,0,13,7
131,62,0,0,13,8
170,23,0,0,13,9
155,48,0,0,14,0
161,36,0,0,14,1
140,59,0,0,14,2
164,48,0,0,14,3
140,50,0,0,14,4
156,50,0,0,14,5
148,54,0,0,14,6
170,38,0,0,14,7
122,70,0,0,14,8
163,28,0,0,14,9
150,55,0,0,15,0
150,46,0,0,15,1
136,64,0,0,15,2
162,54,0,0,15,3
132,57,0,0,15,4
154,52,0,0,15,5
145,57,0,0,15,6
160,48,0,0,15,7
118,72,0,0,15,8
153,35,0,0,15,9
143,59,0,0,16,0
143,53,0,0,16,1
132,65,0,0,16,2
157,59,0,0,16,3
130,60,0,0,16,4
147,61,0,0,16,5
141,63,0,0,16,6
149,59,0,0,16,7
116,77,0,0,16,8
150,36,0,0,16,9
138,62,0,0,17,0
138,59,0,0,17,1
131,67,0,0,17,2
151,62,0,0,17,3
126,67,0,0,17,4
143,62,1,0,17,5
133,71,0,0,17,6
144,63,0,0,17,7
112,81,1,0,17,8
149,39,0,0,17,9
135,65,0,0,18,0
133,64,0,0,18,1
130,68,0,0,18,2
146,67,0,0,18,3
122,70,1,0,18,4
138,69,1,0,18,5
128,77,0,0,18,6
135,70,0,0,18,7
106,86,1,0,18,8
141,47,0,0,18,9
131,72,0,0,19,0
128,69,0,0,19,1
126,72,0,0,19,2
142,70,0,0,19,3
117,73,2,0,19,4
133,74,1,0,19,5
126,81,0,0,19,6
130,72,0,0,19,7
98,92,1,0,19,8
139,51,0,0,19,9
125,78,0,0,20,0
123,74,0,0,20,1
120,79,0,0,20,2
134,77,0,0,20,3
115,76,2,0,20,4
130,78,2,0,20,5
119,87,0,0,20,6
126,76,0,0,20,7
94,93,2,1,20,8
134,55,0,0,20,9
122,79,0,1,21,0
119,80,0,0,21,1
116,83,0,0,21,2
130,80,0,0,21,3
111,80,2,0,21,4
126,82,2,0,21,5
114,93,0,0,21,6
125,77,0,0,21,7
93,92,3,2,21,8
127,61,0,0,21,9
116,84,0,2,22,0
116,85,1,0,22,1
114,82,0,0,22,2
124,84,0,0,22,3
103,85,3,0,22,4
118,89,2,0,22,5
111,97,0,0,22,6
126,77,1,0,22,7
90,97,2,2,22,8
127,61,1,0,22,9
116,86,0,2,23,0
112,87,1,0,23,1
111,87,0,0,23,2
121,86,2,0,23,3
99,89,3,0,23,4
111,94,2,0,23,5
106,103,0,0,23,6
126,77,1,0,23,7
87,100,2,2,23,8
119,67,1,0,23,9
113,87,0,2,24,0
110,87,1,0,24,1
109,89,0,1,24,2
115,90,2,1,24,3
93,94,4,0,24,4
109,97,2,2,24,5
102,105,2,0,24,6
122,80,1,0,24,7
85,102,2,2,24,8
115,73,1,0,24,9
109,88,2,2,25,0
104,91,2,1,25,1
103,94,0,1,25,2
113,90,4,2,25,3
92,95,5,0,25,4
106,103,3,2,25,5
100,105,3,0,25,6
116,84,1,0,25,7
83,102,4,2,25,8
112,74,2,0,25,9
103,93,4,2,26,0
97,98,2,1,26,1
102,94,1,1,26,2
111,89,5,3,26,3
95,91,6,1,26,4
101,106,4,2,26,5
91,113,3,0,26,6
116,88,2,0,26,7
77,105,6,2,26,8
109,74,2,0,26,9
95,101,4,3,27,0
93,100,4,1,27,1
96,98,1,2,27,2
106,91,9,4,27,3
87,96,7,2,27,4
98,104,6,3,27,5
86,117,4,0,27,6
113,88,6,0,27,7
73,109,6,2,27,8
105,76,3,1,27,9
96,98,6,3,28,0
91,101,3,2,28,1
92,96,3,3,28,2
101,95,9,6,28,3
87,97,6,2,28,4
95,108,7,6,28,5
81,118,9,0,28,6
106,91,7,1,28,7
70,111,7,2,28,8
99,81,3,1,28,9
93,99,6,3,29,0
85,106,4,2,29,1
90,98,3,5,29,2
100,97,9,6,29,3
87,92,9,2,29,4
96,110,7,5,29,5
79,117,11,0,29,6
102,92,8,1,29,7
70,109,9,3,29,8
93,87,4,1,29,9
91,101,6,3,30,0
80,109,5,2,30,1
84,101,4,5,30,2
97,99,9,6,30,3
84,92,12,2,30,4
87,118,7,7,30,5
77,115,15,1,30,6
97,94,9,1,30,7
70,108,12,3,30,8
92,87,6,2,30,9
89,101,7,4,31,0
78,111,7,3,31,1
78,101,7,6,31,2
90,108,9,6,31,3
83,91,12,3,31,4
87,114,11,7,31,5
72,119,16,1,31,6
94,96,12,1,31,7
68,104,16,4,31,8
88,88,6,2,31,9
85,103,9,4,32,0
73,114,8,3,32,1
77,98,10,6,32,2
85,109,11,7,32,3
80,95,11,4,32,4
83,115,15,8,32,5
67,119,20,2,32,6
87,102,13,1,32,7
67,106,15,6,32,8
85,88,7,2,32,9
82,106,11,4,33,0
67,119,8,3,33,1
73,100,13,7,33,2
84,107,11,8,33,3
77,98,10,4,33,4
79,120,17,9,33,5
63,121,21,3,33,6
87,98,16,1,33,7
65,104,16,7,33,8
83,85,9,4,33,9
78,108,12,6,34,0
66,117,9,4,34,1
70,102,15,8,34,2
82,104,14,9,34,3
71,100,13,4,34,4
76,123,19,9,34,5
59,125,21,3,34,6
85,98,17,1,34,7
63,105,16,9,34,8
79,85,10,5,34,9
69,112,15,8,35,0
65,112,13,5,35,1
65,102,15,11,35,2
79,105,16,10,35,3
69,98,15,4,35,4
73,127,19,9,35,5
56,129,20,4,35,6
83,94,20,2,35,7
60,105,18,11,35,8
77,88,11,6,35,9
65,117,17,8,36,0
64,109,14,6,36,1
66,98,18,11,36,2
76,104,20,11,36,3
63,101,19,6,36,4
65,131,21,9,36,5
55,130,21,4,36,6
84,90,20,3,36,7
58,107,19,9,36,8
74,88,13,6,36,9
63,119,19,8,37,0
58,109,17,7,37,1
69,97,19,11,37,2
74,103,22,11,37,3
61,99,20,7,37,4
63,128,26,11,37,5
50,134,20,4,37,6
84,87,21,5,37,7
56,109,17,9,37,8
69,95,14,5,37,9
63,117,22,8,38,0
56,109,18,6,38,1
64,99,20,11,38,2
72,99,27,11,38,3
59,98,23,7,38,4
61,128,28,13,38,5
44,138,21,6,38,6
81,92,21,5,38,7
56,108,18,10,38,8
69,90,16,6,38,9
63,115,26,8,39,0
56,108,19,7,39,1
62,100,21,11,39,2
71,98,28,11,39,3
58,93,25,9,39,4
59,125,32,14,39,5
40,136,24,8,39,6
78,94,20,7,39,7
53,105,25,11,39,8
67,89,17,7,39,9
57,113,32,10,40,0
57,107,19,8,40,1
63,99,23,11,40,2
72,98,28,12,40,3
55,92,25,11,40,4
55,127,32,15,40,5
39,133,27,8,40,6
75,92,25,8,40,7
51,106,25,11,40,8
63,90,18,8,40,9
55,113,33,11,41,0
55,109,21,9,41,1
62,92,28,13,41,2
66,99,32,13,41,3
56,89,25,12,41,4
55,125,34,15,41,5
38,132,26,10,41,6
71,95,26,9,41,7
50,101,29,13,41,8
60,90,20,8,41,9
54,111,33,14,42,0
52,111,22,9,42,1
61,88,32,13,42,2
62,98,34,13,42,3
55,91,26,12,42,4
58,121,36,17,42,5
35,132,28,11,42,6
68,98,27,10,42,7
48,93,34,16,42,8
61,84,23,9,42,9
53,109,34,15,43,0
49,113,25,9,43,1
58,89,34,14,43,2
59,100,35,14,43,3
52,93,25,12,43,4
55,119,41,17,43,5
36,133,29,12,43,6
66,95,31,10,43,7
48,89,36,16,43,8
56,86,22,11,43,9
51,110,36,15,44,0
44,114,29,10,44,1
55,88,36,15,44,2
55,100,37,15,44,3
51,92,28,13,44,4
53,120,41,19,44,5
36,126,34,12,44,6
62,97,32,11,44,7
48,86,39,15,44,8
50,92,21,12,44,9
50,109,36,15,45,0
39,114,32,10,45,1
55,85,37,18,45,2
54,101,37,15,45,3
49,90,29,14,45,4
51,120,42,21,45,5
33,127,37,12,45,6
63,93,34,14,45,7
48,84,41,17,45,8
48,92,22,12,45,9
49,109,36,15,46,0
36,110,35,11,46,1
54,84,37,19,46,2
55,99,40,16,46,3
46,93,27,15,46,4
48,121,42,21,46,5
29,128,39,14,46,6
61,90,39,15,46,7
47,79,44,20,46,8
46,91,28,12,46,9
49,106,40,14,47,0
35,110,37,11,47,1
53,85,38,20,47,2
53,99,43,17,47,3
42,92,31,15,47,4
46,119,43,21,47,5
27,128,41,17,47,6
56,91,43,15,47,7
38,82,46,23,47,8
41,93,27,13,47,9
44,106,43,15,48,0
35,106,41,13,48,1
50,83,40,22,48,2
51,99,43,18,48,3
41,88,36,15,48,4
43,114,50,24,48,5
26,123,43,20,48,6
53,93,46,14,48,7
34,84,47,24,48,8
40,90,30,13,48,9
40,109,44,15,49,0
34,104,42,15,49,1
48,78,43,25,49,2
48,99,43,20,49,3
41,84,40,15,49,4
41,111,55,24,49,5
24,120,47,23,49,6
47,95,47,17,49,7
32,79,51,26,49,8
38,91,31,14,49,9
35,111,47,15,50,0
31,104,44,16,50,1
48,78,43,25,50,2
43,95,47,23,50,3
40,82,42,16,50,4
42,104,59,25,50,5
22,119,52,23,50,6
44,94,49,17,50,7
30,77,53,28,50,8
38,92,31,16,50,9
37,105,52,17,51,0
31,98,50,17,51,1
46,77,44,26,51,2
40,93,51,25,51,3
37,81,45,17,51,4
41,101,60,26,51,5
21,115,52,26,51,6
42,89,52,19,51,7
30,74,54,29,51,8
36,93,31,20,51,9
36,104,55,17,52,0
30,95,51,19,52,1
45,76,46,27,52,2
38,92,55,24,52,3
35,81,46,20,52,4
38,99,63,28,52,5
20,110,58,26,52,6
41,82,57,22,52,7
28,72,56,29,52,8
36,87,34,22,52,9
34,104,55,17,53,0
28,92,59,19,53,1
42,72,49,29,53,2
36,91,58,24,53,3
34,79,47,20,53,4
38,97,64,29,53,5
20,108,61,26,53,6
38,83,59,22,53,7
27,69,55,31,53,8
36,85,39,24,53,9
35,95,59,21,54,0
25,90,63,21,54,1
37,74,52,29,54,2
34,88,61,25,54,3
34,75,50,23,54,4
36,95,68,31,54,5
21,102,66,26,54,6
36,82,60,23,54,7
27,69,55,30,54,8
35,83,39,25,54,9
35,91,62,20,55,0
24,86,66,22,55,1
35,74,53,32,55,2
31,88,63,26,55,3
31,70,54,27,55,4
36,94,69,32,55,5
19,94,71,30,55,6
33,81,62,24,55,7
25,70,57,30,55,8
33,83,42,25,55,9
34,90,65,20,56,0
23,84,69,22,56,1
34,75,55,31,56,2
30,84,66,27,56,3
29,68,58,27,56,4
36,92,70,33,56,5
18,91,72,32,56,6
30,81,61,26,56,7
21,68,62,33,56,8
32,78,47,26,56,9
35,87,64,21,57,0
22,80,72,25,57,1
32,73,59,33,57,2
28,84,67,29,57,3
26,71,61,26,57,4
34,89,75,35,57,5
18,85,76,32,57,6
28,79,64,26,57,7
18,67,63,34,57,8
30,77,46,29,57,9
33,82,69,24,58,0
21,77,76,26,58,1
31,70,64,32,58,2
25,84,70,28,58,3
25,66,64,28,58,4
33,85,81,35,58,5
19,81,79,31,58,6
27,70,70,29,58,7
18,63,65,36,58,8
30,74,47,32,58,9
30,83,71,24,59,0
21,73,78,27,59,1
30,67,68,34,59,2
23,86,71,28,59,3
24,64,63,30,59,4
33,82,83,35,59,5
16,78,87,30,59,6
27,70,71,29,59,7
16,61,66,37,59,8
29,70,51,34,59,9
29,78,77,25,60,0
20,72,78,28,60,1
29,69,69,34,60,2
23,82,72,29,60,3
24,61,65,30,60,4
32,78,85,38,60,5
16,72,91,31,60,6
25,71,74,29,60,7
16,58,68,38,60,8
29,67,52,36,60,9
28,74,79,25,61,0
20,70,78,27,61,1
27,71,69,34,61,2
20,84,75,30,61,3
23,62,65,33,61,4
31,73,88,39,61,5
16,67,92,33,61,6
24,71,78,30,61,7
16,49,74,39,61,8
28,61,58,39,61,9
28,69,83,27,62,0
19,69,79,28,62,1
27,68,72,34,62,2
20,81,75,31,62,3
22,63,66,33,62,4
31,72,90,39,62,5
17,63,91,36,62,6
22,70,80,30,62,7
15,49,73,40,62,8
27,63,59,39,62,9
30,64,86,29,63,0
17,70,79,30,63,1
24,66,74,36,63,2
20,75,81,30,63,3
21,56,71,33,63,4
30,69,93,42,63,5
16,61,91,37,63,6
21,67,83,32,63,7
15,45,75,43,63,8
25,64,60,39,63,9
28,64,87,28,64,0
15,72,80,29,64,1
23,65,75,35,64,2
19,71,84,32,64,3
20,51,76,35,64,4
29,66,94,43,64,5
16,58,93,38,64,6
20,69,84,37,64,7
13,44,74,45,64,8
25,59,64,40,64,9
25,62,88,32,65,0
15,67,85,29,65,1
22,63,77,34,65,2
19,66,88,35,65,3
19,50,78,35,65,4
27,63,95,44,65,5
16,58,91,38,65,6
19,70,87,37,65,7
13,43,74,48,65,8
25,55,70,38,65,9
24,62,90,31,66,0
15,65,85,29,66,1
21,62,79,34,66,2
19,63,90,35,66,3
18,52,78,36,66,4
27,58,97,47,66,5
14,55,94,40,66,6
16,72,87,38,66,7
13,45,76,47,66,8
25,54,69,38,66,9
24,57,92,32,67,0
15,62,88,32,67,1
20,58,84,37,67,2
18,60,93,35,67,3
18,49,80,40,67,4
27,52,102,47,67,5
13,52,94,42,67,6
14,74,87,38,67,7
11,47,75,47,67,8
24,50,72,38,67,9
23,55,94,32,68,0
15,57,93,33,68,1
20,58,85,37,68,2
17,58,95,35,68,3
17,47,83,41,68,4
26,54,102,48,68,5
12,47,98,43,68,6
14,73,87,38,68,7
11,44,77,47,68,8
25,47,72,40,68,9
23,52,98,32,69,0
15,52,98,33,69,1
19,56,84,39,69,2
18,57,94,37,69,3
19,44,85,43,69,4
26,49,104,49,69,5
12,44,100,43,69,6
11,69,91,40,69,7
10,41,80,47,69,8
21,51,74,40,69,9
22,46,100,36,70,0
15,47,102,33,70,1
18,51,88,41,70,2
17,55,99,38,70,3
18,45,84,44,70,4
26,49,109,48,70,5
12,36,103,48,70,6
12,65,90,42,70,7
11,38,82,46,70,8
21,47,76,40,70,9
22,42,102,38,71,0
16,42,103,37,71,1
16,52,88,41,71,2
16,51,103,39,71,3
18,43,86,45,71,4
24,46,112,49,71,5
12,39,101,47,71,6
12,65,92,42,71,7
10,37,82,47,71,8
18,48,76,41,71,9
22,41,104,39,72,0
15,39,108,39,72,1
15,48,91,42,72,2
16,51,103,39,72,3
17,41,88,44,72,4
25,44,112,51,72,5
12,34,103,49,72,6
12,63,96,41,72,7
9,35,83,47,72,8
17,45,77,43,72,9
21,38,109,40,73,0
14,36,112,40,73,1
17,47,93,42,73,2
15,46,108,40,73,3
16,40,87,45,73,4
25,43,111,51,73,5
12,33,107,48,73,6
11,58,100,41,73,7
9,33,84,47,73,8
16,41,79,45,73,9
21,38,111,39,74,0
14,34,113,41,74,1
17,44,96,43,74,2
15,41,114,42,74,3
16,41,86,43,74,4
22,44,112,52,74,5
11,30,108,50,74,6
10,55,104,41,74,7
9,29,89,46,74,8
15,38,81,45,74,9
20,38,112,41,75,0
14,34,115,40,75,1
17,40,97,44,75,2
13,39,115,42,75,3
17,39,89,45,75,4
23,42,114,52,75,5
11,27,109,51,75,6
9,52,104,42,75,7
9,27,89,46,75,8
15,36,86,45,75,9
18,40,114,42,76,0
13,31,117,42,76,1
14,42,98,45,76,2
13,38,114,45,76,3
16,38,89,45,76,4
24,43,114,52,76,5
11,23,111,52,76,6
9,45,111,42,76,7
9,23,90,46,76,8
15,34,85,47,76,9
18,35,118,44,77,0
13,33,115,43,77,1
13,37,103,44,77,2
12,36,118,46,77,3
15,39,90,45,77,4
24,41,114,51,77,5
11,22,112,51,77,6
9,43,111,43,77,7
7,24,91,47,77,8
15,32,87,48,77,9
18,32,119,45,78,0
14,32,114,44,78,1
13,38,104,43,78,2
11,35,119,46,78,3
14,36,95,46,78,4
23,39,117,52,78,5
11,24,111,52,78,6
7,42,111,43,78,7
7,21,93,48,78,8
15,26,92,48,78,9
18,32,117,47,79,0
12,32,115,44,79,1
11,38,106,42,79,2
12,34,118,47,79,3
13,36,96,48,79,4
20,39,119,52,79,5
11,23,113,53,79,6
7,40,110,44,79,7
7,22,93,47,79,8
15,26,94,47,79,9
17,31,118,47,80,0
11,35,114,44,80,1
11,35,107,44,80,2
10,30,122,46,80,3
12,33,98,51,80,4
21,36,121,53,80,5
11,23,111,53,80,6
7,31,119,46,80,7
7,24,93,46,80,8
14,28,92,48,80,9
17,29,117,49,81,0
11,34,113,47,81,1
10,36,110,43,81,2
7,33,123,47,81,3
12,30,102,49,81,4
21,33,123,52,81,5
9,23,113,53,81,6
7,30,118,46,81,7
7,23,96,45,81,8
13,26,93,50,81,9
16,27,119,50,82,0
11,32,116,48,82,1
10,37,111,43,82,2
7,34,123,45,82,3
13,26,105,49,82,4
20,30,125,54,82,5
9,22,115,53,82,6
7,29,116,46,82,7
5,23,95,47,82,8
13,23,95,51,82,9
16,23,123,50,83,0
11,31,117,47,83,1
10,36,112,44,83,2
9,33,124,44,83,3
11,27,107,49,83,4
19,30,128,54,83,5
8,22,114,53,83,6
7,23,120,48,83,7
4,23,95,46,83,8
12,22,95,53,83,9
16,21,124,50,84,0
11,30,117,47,84,1
10,32,113,46,84,2
8,34,125,44,84,3
10,27,108,50,84,4
18,26,133,53,84,5
8,20,115,53,84,6
7,21,121,48,84,7
4,21,97,49,84,8
12,21,97,53,84,9
16,19,124,51,85,0
11,27,116,49,85,1
10,31,118,44,85,2
7,34,130,42,85,3
10,26,109,51,85,4
18,25,132,55,85,5
8,18,115,55,85,6
7,21,123,47,85,7
4,20,96,49,85,8
12,20,98,52,85,9
15,19,124,52,86,0
11,24,119,49,86,1
10,30,118,47,86,2
6,32,134,42,86,3
10,23,111,50,86,4
17,24,133,55,86,5
9,16,114,57,86,6
7,20,127,44,86,7
5,18,98,48,86,8
10,20,96,56,86,9
14,18,126,58,87,0
9,25,119,48,87,1
9,27,122,46,87,2
6,31,133,42,87,3
10,22,112,50,87,4
17,23,133,56,87,5
10,15,116,57,87,6
7,20,126,42,87,7
4,19,98,46,87,8
10,20,97,57,87,9
13,18,126,61,88,0
10,24,121,49,88,1
9,25,125,45,88,2
6,30,133,40,88,3
10,21,116,49,88,4
18,23,133,54,88,5
10,14,114,58,88,6
6,19,126,43,88,7
4,18,96,46,88,8
10,20,100,57,88,9
12,20,127,61,89,0
10,24,121,50,89,1
9,25,123,46,89,2
6,27,133,41,89,3
10,21,115,49,89,4
18,21,133,54,89,5
10,12,118,58,89,6
7,17,126,44,89,7
3,19,97,46,89,8
10,18,102,57,89,9
12,20,126,61,90,0
10,22,124,50,90,1
9,26,124,45,90,2
6,26,131,41,90,3
10,22,114,49,90,4
18,18,136,55,90,5
10,11,119,58,90,6
7,13,129,48,90,7
3,19,97,46,90,8
10,18,102,55,90,9
12,20,129,59,91,0
10,21,124,49,91,1
9,24,124,45,91,2
5,25,132,42,91,3
10,20,115,50,91,4
16,20,139,54,91,5
10,11,118,59,91,6
7,12,127,50,91,7
3,17,97,46,91,8
10,16,107,56,91,9
12,20,129,58,92,0
9,18,126,50,92,1
8,23,126,47,92,2
5,25,130,43,92,3
9,19,114,50,92,4
17,17,145,54,92,5
10,11,118,58,92,6
8,11,127,50,92,7
3,16,99,48,92,8
10,14,108,55,92,9
12,19,127,59,93,0
9,17,127,50,93,1
8,22,131,47,93,2
5,23,129,45,93,3
9,19,114,50,93,4
16,17,145,54,93,5
10,10,120,56,93,6
8,11,126,50,93,7
3,15,99,51,93,8
11,13,107,56,93,9
12,19,127,58,94,0
8,17,128,49,94,1
8,20,131,51,94,2
5,19,133,49,94,3
8,19,114,51,94,4
16,18,143,54,94,5
11,9,120,56,94,6
8,11,126,50,94,7
4,15,98,49,94,8
10,12,110,54,94,9
12,14,131,60,95,0
8,15,128,48,95,1
8,17,137,51,95,2
4,21,134,49,95,3
8,18,114,51,95,4
16,17,143,55,95,5
11,9,118,57,95,6
8,10,125,50,95,7
5,12,100,50,95,8
9,13,110,54,95,9
12,13,133,60,96,0
8,13,129,49,96,1
8,15,139,50,96,2
3,21,135,48,96,3
8,17,112,53,96,4
14,17,143,58,96,5
12,6,120,57,96,6
8,11,127,48,96,7
3,14,99,51,96,8
9,13,110,54,96,9
12,13,134,62,97,0
8,12,128,51,97,1
8,15,138,50,97,2
3,17,137,47,97,3
8,16,113,55,97,4
13,17,144,56,97,5
12,6,120,55,97,6
8,11,128,48,97,7
3,14,99,50,97,8
9,13,112,55,97,9
12,13,133,63,98,0
8,12,129,50,98,1
8,11,141,49,98,2
3,14,135,50,98,3
8,17,116,55,98,4
13,17,144,56,98,5
12,5,119,55,98,6
8,9,130,49,98,7
3,12,99,50,98,8
9,12,113,58,98,9
12,11,132,64,99,0
9,10,131,53,99,1
7,10,140,50,99,2
3,14,135,49,99,3
8,17,116,54,99,4
13,17,146,55,99,5
12,5,123,52,99,6
8,7,132,50,99,7
3,11,100,51,99,8
9,11,112,58,99,9
12,10,134,63,100,0
8,12,133,53,100,1
6,10,144,48,100,2
3,12,135,49,100,3
8,15,114,56,100,4
13,16,145,55,100,5
13,5,123,53,100,6
8,6,130,51,100,7
3,11,101,51,100,8
9,10,114,58,100,9
12,10,132,66,101,0
8,12,133,52,101,1
6,9,145,46,101,2
3,13,135,51,101,3
8,13,118,55,101,4
13,15,142,58,101,5
13,4,122,55,101,6
8,6,131,49,101,7
3,10,103,49,101,8
9,10,114,59,101,9
12,9,132,66,102,0
8,11,134,53,102,1
6,9,144,46,102,2
3,10,135,52,102,3
8,12,122,55,102,4
13,12,145,58,102,5
13,6,122,54,102,6
8,6,131,47,102,7
3,10,103,48,102,8
8,10,115,61,102,9
12,10,131,67,103,0
8,11,134,54,103,1
6,8,146,45,103,2
3,9,134,53,103,3
8,11,124,56,103,4
13,9,150,58,103,5
10,7,121,55,103,6
8,5,133,47,103,7
3,9,103,47,103,8
8,10,113,61,103,9
11,11,132,64,104,0
8,11,133,54,104,1
6,8,147,45,104,2
3,9,133,52,104,3
8,10,124,56,104,4
13,7,149,62,104,5
9,8,123,56,104,6
8,5,130,48,104,7
4,9,103,48,104,8
8,10,115,60,104,9
10,11,133,64,105,0
6,10,133,54,105,1
6,7,147,48,105,2
4,7,137,52,105,3
8,10,121,57,105,4
13,7,149,61,105,5
9,9,126,53,105,6
8,4,131,48,105,7
4,7,102,49,105,8
9,9,116,61,105,9
10,10,132,65,106,0
6,10,133,54,106,1
6,6,149,47,106,2
4,5,139,55,106,3
7,9,120,58,106,4
13,6,149,61,106,5
9,9,128,51,106,6
8,2,133,50,106,7
5,7,102,49,106,8
9,9,114,61,106,9
10,9,134,67,107,0
6,9,132,56,107,1
6,6,148,47,107,2
4,5,141,56,107,3
7,9,120,57,107,4
14,6,148,61,107,5
8,9,127,51,107,6
7,2,132,50,107,7
5,7,104,49,107,8
9,8,114,60,107,9
10,9,134,66,108,0
7,9,131,56,108,1
6,6,146,47,108,2
5,4,140,57,108,3
6,9,123,56,108,4
13,6,150,61,108,5
8,8,126,52,108,6
7,2,131,50,108,7
5,7,106,50,108,8
9,6,117,59,108,9
9,8,135,66,109,0
7,9,132,55,109,1
7,5,147,46,109,2
5,4,141,57,109,3
6,8,122,57,109,4
13,6,151,60,109,5
8,8,126,52,109,6
7,2,130,51,109,7
5,6,107,51,109,8
9,5,118,59,109,9
9,7,138,66,110,0
7,8,131,56,110,1
7,5,146,45,110,2
5,4,143,56,110,3
6,7,123,58,110,4
13,5,154,59,110,5
8,8,123,53,110,6
7,2,129,51,110,7
5,5,108,50,110,8
9,5,118,61,110,9
9,7,138,65,111,0
6,8,131,55,111,1
7,4,145,45,111,2
6,4,145,55,111,3
6,6,123,58,111,4
13,5,153,60,111,5
8,9,122,53,111,6
7,2,129,53,111,7
5,4,108,51,111,8
9,4,121,61,111,9
9,7,139,69,112,0
5,5,135,55,112,1
7,4,145,45,112,2
6,4,144,55,112,3
6,5,123,58,112,4
13,4,155,58,112,5
8,9,122,52,112,6
7,1,128,53,112,7
5,3,111,49,112,8
10,4,120,62,112,9
10,6,138,69,113,0
4,5,133,56,113,1
7,3,146,47,113,2
6,4,145,54,113,3
6,5,122,57,113,4
13,3,155,60,113,5
8,8,128,49,113,6
6,1,127,53,113,7
5,3,110,50,113,8
11,4,122,61,113,9
10,5,139,69,114,0
4,2,134,59,114,1
7,3,146,47,114,2
6,4,145,53,114,3
6,4,122,58,114,4
13,3,154,60,114,5
8,8,128,49,114,6
6,1,129,53,114,7
5,3,111,49,114,8
11,4,121,61,114,9
10,5,141,68,115,0
4,2,131,60,115,1
7,3,146,47,115,2
6,4,147,52,115,3
7,4,120,58,115,4
12,3,157,59,115,5
8,8,129,50,115,6
6,0,129,52,115,7
5,3,110,49,115,8
11,4,120,63,115,9
10,5,140,66,116,0
4,2,131,60,116,1
7,2,147,48,116,2
6,4,146,55,116,3
7,3,119,59,116,4
12,2,158,58,116,5
8,8,128,51,116,6
6,1,131,51,116,7
5,3,112,48,116,8
10,4,121,62,116,9
9,3,144,66,117,0
4,2,128,61,117,1
7,2,146,49,117,2
7,4,143,59,117,3
6,4,120,57,117,4
12,2,159,57,117,5
8,7,129,51,117,6
6,1,131,51,117,7
5,3,115,45,117,8
10,2,122,63,117,9
9,2,143,67,118,0
4,2,128,61,118,1
7,2,147,51,118,2
7,4,142,58,118,3
6,3,121,58,118,4
12,2,160,56,118,5
8,7,129,52,118,6
6,1,130,51,118,7
5,2,115,44,118,8
10,2,124,62,118,9
9,2,143,65,119,0
4,2,128,62,119,1
7,1,150,50,119,2
7,3,142,63,119,3
6,3,123,57,119,4
12,2,159,56,119,5
8,6,127,53,119,6
6,1,130,49,119,7
5,2,116,43,119,8
10,2,123,63,119,9
9,2,140,68,120,0
5,2,127,63,120,1
8,0,153,48,120,2
7,3,141,63,120,3
6,2,122,60,120,4
11,2,158,56,120,5
7,5,129,54,120,6
6,1,129,47,120,7
5,1,118,43,120,8
10,2,125,62,120,9
9,2,141,68,121,0
5,0,126,63,121,1
8,0,152,48,121,2
7,3,139,64,121,3
6,2,126,58,121,4
11,2,160,57,121,5
6,5,129,54,121,6
7,1,129,46,121,7
5,1,117,45,121,8
10,2,125,61,121,9
9,3,139,69,122,0
5,0,123,64,122,1
8,0,153,48,122,2
7,2,138,66,122,3
7,2,125,58,122,4
10,2,160,57,122,5
6,5,134,52,122,6
7,1,133,45,122,7
5,1,116,44,122,8
10,2,123,61,122,9
9,4,136,71,123,0
5,0,122,64,123,1
8,0,152,48,123,2
7,1,138,66,123,3
6,2,124,59,123,4
10,2,160,56,123,5
7,5,138,50,123,6
7,1,135,46,123,7
5,1,117,43,123,8
9,2,122,62,123,9
9,4,135,70,124,0
5,0,122,64,124,1
8,0,150,47,124,2
7,1,137,65,124,3
6,2,128,56,124,4
10,2,162,54,124,5
7,4,138,52,124,6
7,1,135,51,124,7
4,1,116,43,124,8
10,2,122,63,124,9
9,3,136,70,125,0
5,0,123,65,125,1
8,0,148,48,125,2
7,1,136,66,125,3
6,2,128,55,125,4
10,1,164,53,125,5
7,4,139,52,125,6
7,1,135,50,125,7
4,1,115,44,125,8
10,2,123,62,125,9
9,3,135,69,126,0
5,0,126,65,126,1
8,0,149,47,126,2
7,0,135,67,126,3
7,2,127,55,126,4
10,1,166,53,126,5
7,3,140,52,126,6
6,0,135,51,126,7
4,1,115,43,126,8
9,4,121,63,126,9
9,3,135,69,127,0
5,0,126,64,127,1
8,0,148,47,127,2
6,0,137,66,127,3
7,2,132,55,127,4
11,1,165,54,127,5
7,3,139,51,127,6
6,0,134,52,127,7
4,1,113,44,127,8
9,4,120,63,127,9
8,2,136,70,128,0
5,0,128,63,128,1
7,0,149,48,128,2
7,0,136,66,128,3
7,2,131,55,128,4
11,1,164,55,128,5
7,3,139,50,128,6
7,0,133,53,128,7
4,1,111,43,128,8
8,5,123,62,128,9
8,2,135,69,129,0
5,0,129,64,129,1
7,0,149,48,129,2
7,0,136,66,129,3
7,2,130,54,129,4
11,1,165,55,129,5
8,3,137,49,129,6
7,0,137,54,129,7
3,1,109,43,129,8
8,5,123,63,129,9
8,2,134,70,130,0
5,0,127,63,130,1
7,0,149,48,130,2
8,0,136,66,130,3
7,2,130,53,130,4
11,0,165,56,130,5
8,3,138,49,130,6
7,0,139,54,130,7
2,1,109,43,130,8
8,4,125,63,130,9
8,2,134,70,131,0
5,0,126,66,131,1
7,0,150,47,131,2
8,0,134,68,131,3
7,2,130,53,131,4
11,0,166,55,131,5
8,2,139,48,131,6
7,0,137,54,131,7
2,1,112,41,131,8
8,4,125,63,131,9
8,2,132,69,132,0
5,0,133,64,132,1
7,0,150,47,132,2
8,0,132,69,132,3
7,2,128,53,132,4
11,0,166,55,132,5
8,2,139,50,132,6
7,0,139,53,132,7
2,1,110,43,132,8
8,4,124,62,132,9
8,2,132,69,133,0
5,1,135,62,133,1
7,0,150,46,133,2
8,0,134,69,133,3
7,2,129,52,133,4
11,0,164,56,133,5
8,1,138,53,133,6
7,0,138,53,133,7
2,1,110,43,133,8
8,3,124,62,133,9
8,2,130,70,134,0
5,1,136,64,134,1
8,0,151,45,134,2
7,0,135,69,134,3
8,2,128,54,134,4
11,0,162,57,134,5
8,1,138,53,134,6
6,0,139,51,134,7
2,1,112,41,134,8
8,3,123,61,134,9
8,2,129,70,135,0
5,1,135,64,135,1
8,0,152,46,135,2
7,0,135,68,135,3
9,2,127,56,135,4
11,0,160,58,135,5
8,1,143,50,135,6
6,0,136,53,135,7
2,1,114,39,135,8
7,3,123,61,135,9
9,2,129,69,136,0
4,1,134,65,136,1
8,0,152,45,136,2
7,0,133,67,136,3
9,2,129,57,136,4
11,0,161,59,136,5
8,1,141,50,136,6
6,0,139,52,136,7
2,1,114,39,136,8
7,3,122,62,136,9
9,2,130,69,137,0
4,1,134,63,137,1
8,0,151,46,137,2
7,0,132,69,137,3
9,2,132,55,137,4
11,0,161,58,137,5
8,1,138,51,137,6
6,0,138,52,137,7
2,1,115,40,137,8
6,4,123,62,137,9
9,2,130,69,138,0
4,1,133,62,138,1
8,0,150,47,138,2
7,0,131,70,138,3
9,1,132,54,138,4
11,0,160,60,138,5
8,1,140,50,138,6
6,0,140,52,138,7
2,1,115,39,138,8
5,5,124,62,138,9
9,2,132,69,139,0
5,1,131,62,139,1
8,0,149,47,139,2
7,0,131,69,139,3
8,1,131,56,139,4
11,0,162,59,139,5
8,1,141,49,139,6
6,0,140,53,139,7
2,1,115,38,139,8
5,5,123,63,139,9
9,1,134,68,140,0
5,1,130,62,140,1
8,0,150,48,140,2
7,0,133,67,140,3
8,1,130,55,140,4
11,0,162,58,140,5
8,1,141,50,140,6
6,0,141,52,140,7
2,1,114,40,140,8
5,5,121,65,140,9
8,1,136,69,141,0
5,1,130,61,141,1
8,0,147,48,141,2
6,0,135,68,141,3
8,1,128,55,141,4
10,0,163,58,141,5
8,1,148,48,141,6
6,0,140,52,141,7
2,0,112,40,141,8
8,5,118,66,141,9
8,1,134,69,142,0
5,1,131,62,142,1
8,1,146,48,142,2
6,0,133,70,142,3
8,1,127,53,142,4
10,0,162,58,142,5
8,1,150,48,142,6
6,0,141,53,142,7
2,0,113,40,142,8
8,4,120,64,142,9
8,1,132,69,143,0
5,1,130,63,143,1
8,1,149,48,143,2
6,0,132,69,143,3
8,0,127,53,143,4
10,0,160,58,143,5
8,1,151,47,143,6
6,0,144,53,143,7
2,0,113,40,143,8
8,3,120,66,143,9
8,1,133,68,144,0
5,1,129,64,144,1
8,1,153,46,144,2
6,0,132,68,144,3
8,0,130,53,144,4
10,0,159,57,144,5
8,1,150,49,144,6
6,0,143,54,144,7
2,0,112,38,144,8
7,4,117,69,144,9
9,2,133,69,145,0
4,1,134,64,145,1
8,1,152,48,145,2
6,0,130,69,145,3
8,0,130,52,145,4
10,0,158,57,145,5
8,0,149,50,145,6
7,0,143,51,145,7
2,0,112,38,145,8
6,4,117,68,145,9
9,1,133,69,146,0
4,1,135,64,146,1
8,1,153,47,146,2
6,0,131,70,146,3
8,0,132,53,146,4
10,0,157,57,146,5
8,0,148,50,146,6
7,0,143,51,146,7
2,0,110,38,146,8
6,4,117,67,146,9
9,1,134,71,147,0
4,1,136,62,147,1
8,1,154,46,147,2
6,0,133,70,147,3
9,0,132,51,147,4
10,0,156,58,147,5
8,0,146,50,147,6
6,0,143,54,147,7
2,0,109,39,147,8
6,4,116,65,147,9
9,1,135,69,148,0
4,1,137,62,148,1
8,1,153,47,148,2
6,0,130,71,148,3
9,0,130,51,148,4
10,0,157,59,148,5
8,0,146,50,148,6
6,0,145,53,148,7
2,0,108,40,148,8
6,4,118,64,148,9
9,1,136,67,149,0
4,1,137,63,149,1
8,1,151,47,149,2
7,0,131,72,149,3
8,0,130,51,149,4
10,0,158,58,149,5
8,0,145,51,149,6
6,0,145,53,149,7
2,0,106,41,149,8
5,5,120,63,149,9
9,1,142,65,150,0
4,1,134,63,150,1
7,1,152,46,150,2
8,0,129,72,150,3
8,0,131,54,150,4
10,0,156,59,150,5
8,0,146,52,150,6
6,0,145,52,150,7
2,0,105,40,150,8
5,5,119,63,150,9
9,1,141,64,151,0
4,1,136,63,151,1
7,1,155,46,151,2
7,0,129,71,151,3
8,0,129,55,151,4
10,0,155,60,151,5
8,0,144,52,151,6
6,0,146,52,151,7
3,0,106,39,151,8
5,5,118,64,151,9
9,1,140,65,152,0
4,1,137,64,152,1
7,1,157,44,152,2
7,0,130,70,152,3
8,0,128,56,152,4
10,0,155,61,152,5
7,0,142,52,152,6
6,0,144,52,152,7
3,0,105,39,152,8
6,4,122,63,152,9
9,1,140,65,153,0
4,1,137,61,153,1
7,1,156,44,153,2
8,1,128,71,153,3
7,0,129,56,153,4
10,0,154,61,153,5
7,0,142,53,153,6
6,0,143,51,153,7
3,0,108,39,153,8
6,3,123,65,153,9
9,1,144,64,154,0
5,1,135,62,154,1
6,2,154,44,154,2
6,3,130,69,154,3
7,0,129,56,154,4
10,0,153,61,154,5
6,0,143,53,154,6
6,0,141,52,154,7
3,0,108,40,154,8
6,3,123,65,154,9
9,1,146,61,155,0
6,1,135,64,155,1
6,2,152,44,155,2
5,3,131,69,155,3
7,0,129,57,155,4
10,0,152,62,155,5
6,0,141,53,155,6
6,0,142,53,155,7
3,0,109,39,155,8
6,3,123,64,155,9
9,1,145,63,156,0
6,1,135,64,156,1
6,2,154,43,156,2
5,3,130,70,156,3
7,0,128,56,156,4
10,0,151,62,156,5
6,0,140,55,156,6
6,0,142,52,156,7
3,0,110,38,156,8
6,3,125,63,156,9
9,1,143,62,157,0
6,1,137,66,157,1
6,2,154,42,157,2
5,3,130,70,157,3
7,0,125,57,157,4
10,0,150,63,157,5
6,0,141,54,157,6
6,0,141,53,157,7
3,0,112,38,157,8
6,3,127,61,157,9
8,1,143,63,158,0
6,1,134,67,158,1
6,1,156,41,158,2
5,3,132,69,158,3
7,1,123,57,158,4
11,0,149,62,158,5
6,0,142,53,158,6
7,0,141,54,158,7
3,0,111,38,158,8
5,3,129,62,158,9
8,1,142,62,159,0
6,1,132,67,159,1
6,1,155,42,159,2
5,3,135,67,159,3
7,1,125,56,159,4
11,0,148,61,159,5
6,0,141,55,159,6
7,0,139,56,159,7
3,0,115,39,159,8
5,3,128,61,159,9
8,1,140,64,160,0
6,0,133,67,160,1
6,1,153,42,160,2
5,2,135,67,160,3
7,1,123,56,160,4
11,0,148,59,160,5
6,1,146,54,160,6
7,0,139,57,160,7
3,0,114,38,160,8
5,3,130,62,160,9
7,1,140,65,161,0
6,0,130,67,161,1
7,1,152,43,161,2
5,2,135,66,161,3
7,1,123,55,161,4
11,0,150,59,161,5
6,1,147,56,161,6
7,0,141,57,161,7
4,0,112,37,161,8
4,3,131,61,161,9
7,1,141,63,162,0
5,0,129,68,162,1
7,0,155,43,162,2
5,2,134,65,162,3
7,2,121,57,162,4
11,0,149,60,162,5
6,0,151,55,162,6
7,0,141,57,162,7
4,0,110,38,162,8
4,3,132,60,162,9
7,1,139,64,163,0
5,0,128,68,163,1
7,0,153,45,163,2
5,2,136,66,163,3
7,2,119,57,163,4
11,0,148,60,163,5
6,0,154,53,163,6
7,0,142,56,163,7
4,0,110,39,163,8
4,3,134,58,163,9
8,1,138,63,164,0
5,1,130,67,164,1
7,0,154,44,164,2
5,1,137,66,164,3
7,2,119,56,164,4
11,0,147,60,164,5
5,0,153,56,164,6
7,0,140,56,164,7
4,0,110,40,164,8
4,3,135,58,164,9
8,1,138,63,165,0
5,1,129,67,165,1
7,0,152,46,165,2
5,1,140,63,165,3
7,2,120,56,165,4
11,0,145,61,165,5
5,0,154,56,165,6
7,0,142,56,165,7
4,0,107,41,165,8
4,3,136,57,165,9
8,1,138,63,166,0
5,1,127,68,166,1
8,0,150,47,166,2
5,1,142,61,166,3
6,2,121,56,166,4
11,0,146,61,166,5
5,0,154,56,166,6
7,0,142,56,166,7
4,0,106,41,166,8
4,3,137,57,166,9
8,1,137,63,167,0
5,2,126,69,167,1
8,0,150,45,167,2
5,1,143,63,167,3
6,2,120,57,167,4
11,0,149,60,167,5
5,0,153,56,167,6
7,0,142,56,167,7
4,0,106,40,167,8
4,2,137,57,167,9
8,1,137,61,168,0
5,2,127,71,168,1
8,0,150,45,168,2
5,1,144,61,168,3
6,1,120,57,168,4
11,0,147,61,168,5
5,0,153,59,168,6
7,0,143,55,168,7
4,0,107,40,168,8
4,2,136,56,168,9
8,0,137,61,169,0
4,2,127,70,169,1
8,0,151,46,169,2
5,1,142,62,169,3
6,1,123,57,169,4
11,0,150,60,169,5
5,0,151,58,169,6
7,0,141,55,169,7
4,0,106,38,169,8
5,2,137,59,169,9
8,0,136,61,170,0
3,3,127,70,170,1
8,0,154,44,170,2
5,1,143,63,170,3
6,1,124,57,170,4
11,0,149,62,170,5
5,0,151,58,170,6
7,0,140,55,170,7
4,0,104,38,170,8
5,2,137,58,170,9
8,0,136,60,171,0
3,3,127,71,171,1
7,0,154,45,171,2
5,1,144,63,171,3
6,1,124,55,171,4
11,0,147,63,171,5
6,0,150,58,171,6
7,0,140,56,171,7
4,0,103,39,171,8
5,2,140,56,171,9
8,0,135,60,172,0
3,3,128,71,172,1
7,0,155,45,172,2
6,1,145,62,172,3
5,1,124,57,172,4
11,0,146,63,172,5
6,0,148,58,172,6
7,0,141,56,172,7
4,0,100,40,172,8
5,2,143,54,172,9
8,0,135,59,173,0
3,3,131,72,173,1
7,0,156,46,173,2
5,1,149,62,173,3
5,1,123,57,173,4
11,0,145,62,173,5
6,0,147,58,173,6
7,0,140,58,173,7
4,0,98,39,173,8
6,1,142,53,173,9
8,0,135,59,174,0
3,3,128,73,174,1
7,0,155,46,174,2
5,1,150,61,174,3
5,1,121,59,174,4
11,0,147,61,174,5
5,0,147,58,174,6
7,0,140,58,174,7
5,0,99,39,174,8
6,1,144,52,174,9
8,0,133,59,175,0
3,3,131,73,175,1
7,0,152,47,175,2
5,1,147,62,175,3
5,1,125,57,175,4
11,0,148,61,175,5
5,0,148,58,175,6
7,0,139,59,175,7
5,0,99,39,175,8
6,1,144,51,175,9
8,0,135,59,176,0
3,2,131,74,176,1
7,0,150,47,176,2
5,1,148,61,176,3
5,1,126,57,176,4
11,0,148,61,176,5
5,0,147,58,176,6
7,0,139,57,176,7
5,0,99,41,176,8
6,1,144,51,176,9
8,0,135,57,177,0
3,2,129,75,177,1
7,0,148,47,177,2
5,1,146,63,177,3
5,1,129,55,177,4
11,0,151,59,177,5
5,0,147,58,177,6
7,0,138,58,177,7
5,0,98,41,177,8
6,1,146,53,177,9
8,0,134,57,178,0
3,2,128,74,178,1
8,0,150,46,178,2
5,1,146,63,178,3
5,1,127,55,178,4
11,0,150,61,178,5
4,0,147,59,178,6
7,0,139,57,178,7
5,0,97,41,178,8
6,1,149,53,178,9
8,0,135,55,179,0
3,2,127,73,179,1
8,0,149,47,179,2
5,1,147,62,179,3
5,1,126,57,179,4
11,0,151,60,179,5
4,0,148,58,179,6
7,0,140,58,179,7
5,0,95,42,179,8
6,1,149,54,179,9
8,0,138,53,180,0
3,2,125,75,180,1
8,0,150,45,180,2
5,1,146,66,180,3
5,2,125,56,180,4
11,0,152,60,180,5
4,0,148,58,180,6
7,0,139,57,180,7
5,0,93,42,180,8
5,1,151,54,180,9
7,0,139,56,181,0
3,2,126,74,181,1
8,0,152,43,181,2
5,1,144,69,181,3
5,2,125,56,181,4
11,0,150,61,181,5
5,0,149,56,181,6
7,0,139,55,181,7
5,0,94,42,181,8
5,1,149,54,181,9
8,0,137,56,182,0
3,2,126,75,182,1
8,0,151,43,182,2
5,1,142,70,182,3
5,2,126,54,182,4
10,0,155,61,182,5
5,0,148,58,182,6
7,0,137,54,182,7
5,0,92,42,182,8
5,1,153,53,182,9
8,0,138,57,183,0
3,1,125,75,183,1
8,0,149,42,183,2
5,1,142,71,183,3
5,2,127,55,183,4
10,1,156,59,183,5
5,0,147,59,183,6
7,0,136,55,183,7
5,0,95,39,183,8
5,1,152,54,183,9
7,0,138,57,184,0
3,1,129,73,184,1
8,0,147,42,184,2
5,0,145,72,184,3
5,1,126,55,184,4
11,1,155,60,184,5
5,0,146,59,184,6
7,0,134,57,184,7
5,0,94,39,184,8
5,1,154,53,184,9
7,0,137,57,185,0
3,1,129,74,185,1
9,0,148,41,185,2
4,0,147,72,185,3
5,1,124,55,185,4
11,1,156,58,185,5
5,0,148,57,185,6
7,0,134,57,185,7
5,0,94,41,185,8
5,1,151,55,185,9
7,0,136,58,186,0
3,1,127,75,186,1
9,0,148,38,186,2
4,0,148,75,186,3
5,1,124,54,186,4
11,1,156,58,186,5
5,0,149,57,186,6
7,0,135,56,186,7
5,0,91,43,186,8
5,0,155,53,186,9
6,0,136,59,187,0
4,1,131,73,187,1
9,0,147,39,187,2
4,0,147,75,187,3
6,1,122,56,187,4
11,1,157,57,187,5
6,0,146,57,187,6
5,0,136,57,187,7
5,0,92,42,187,8
5,0,155,52,187,9
6,0,136,59,188,0
4,0,130,74,188,1
9,0,148,37,188,2
4,0,148,76,188,3
6,1,121,58,188,4
11,1,157,57,188,5
6,0,147,60,188,6
5,0,138,54,188,7
5,0,90,41,188,8
5,0,155,51,188,9
6,0,134,59,189,0
4,0,129,75,189,1
9,0,147,37,189,2
4,0,150,77,189,3
6,1,119,59,189,4
11,1,159,57,189,5
6,0,148,59,189,6
5,0,139,54,189,7
5,0,90,40,189,8
5,0,155,50,189,9
6,0,135,57,190,0
4,0,129,74,190,1
9,0,148,37,190,2
4,0,152,80,190,3
6,1,119,60,190,4
10,1,162,56,190,5
6,0,145,60,190,6
6,0,139,53,190,7
5,0,88,41,190,8
5,0,153,49,190,9
6,0,132,57,191,0
4,0,130,73,191,1
9,0,149,35,191,2
4,0,150,79,191,3
5,1,120,61,191,4
11,1,164,55,191,5
5,0,144,62,191,6
7,0,139,54,191,7
5,0,87,41,191,8
5,0,155,50,191,9
6,0,132,56,192,0
4,0,131,74,192,1
9,0,146,36,192,2
4,0,148,78,192,3
5,1,121,60,192,4
11,1,169,55,192,5
5,0,144,62,192,6
7,0,139,53,192,7
5,0,86,43,192,8
5,0,154,50,192,9
6,0,135,54,193,0
3,0,131,73,193,1
9,0,144,37,193,2
4,0,146,79,193,3
5,1,121,59,193,4
12,1,167,56,193,5
5,0,144,62,193,6
7,0,142,55,193,7
5,0,88,42,193,8
5,0,152,50,193,9
6,0,136,53,194,0
3,0,130,74,194,1
8,0,142,39,194,2
3,0,146,80,194,3
5,1,123,58,194,4
12,0,167,58,194,5
5,0,144,60,194,6
9,1,143,54,194,7
5,0,88,41,194,8
5,0,151,50,194,9
6,0,134,53,195,0
3,0,132,73,195,1
8,0,142,39,195,2
3,0,145,80,195,3
5,1,128,58,195,4
12,0,164,59,195,5
5,0,142,60,195,6
9,1,142,55,195,7
5,0,91,41,195,8
5,0,150,49,195,9
6,0,134,55,196,0
3,0,132,73,196,1
9,0,142,37,196,2
3,0,144,79,196,3
5,1,129,60,196,4
12,0,166,57,196,5
6,0,142,61,196,6
8,0,141,56,196,7
5,0,89,41,196,8
4,0,151,49,196,9
6,0,137,53,197,0
3,0,131,74,197,1
9,0,141,39,197,2
3,0,145,78,197,3
5,1,128,59,197,4
11,0,168,57,197,5
7,0,141,61,197,6
8,0,140,58,197,7
5,0,89,40,197,8
4,0,150,49,197,9
6,0,137,54,198,0
3,0,128,76,198,1
9,0,142,38,198,2
3,0,145,77,198,3
5,1,127,59,198,4
11,0,169,56,198,5
7,0,141,60,198,6
8,0,141,59,198,7
5,0,89,39,198,8
4,0,151,50,198,9
6,0,139,54,199,0
3,0,129,74,199,1
9,0,140,39,199,2
3,0,145,77,199,3
5,1,127,60,199,4
11,0,171,54,199,5
7,0,140,60,199,6
8,0,141,59,199,7
5,0,89,38,199,8
4,0,149,53,199,9
6,0,138,53,200,0
3,0,129,75,200,1
9,0,139,40,200,2
3,0,145,77,200,3
5,1,127,60,200,4
11,0,172,55,200,5
7,0,141,59,200,6
8,0,141,58,200,7
5,0,91,37,200,8
4,0,147,54,200,9
6,0,137,53,201,0
3,0,128,77,201,1
10,0,139,38,201,2
3,0,144,76,201,3
5,0,128,60,201,4
10,0,172,55,201,5
7,0,139,61,201,6
8,0,144,57,201,7
5,0,93,37,201,8
4,0,147,54,201,9
6,0,137,56,202,0
3,0,128,77,202,1
10,0,137,38,202,2
3,0,146,75,202,3
4,0,128,59,202,4
10,0,170,56,202,5
7,0,139,61,202,6
8,0,143,57,202,7
5,0,93,36,202,8
5,0,150,53,202,9
6,0,136,56,203,0
3,0,129,76,203,1
10,0,137,37,203,2
3,0,145,75,203,3
4,0,129,59,203,4
9,0,171,58,203,5
8,0,140,62,203,6
8,0,142,55,203,7
5,0,93,35,203,8
5,0,149,55,203,9
6,0,135,57,204,0
3,0,130,75,204,1
10,0,136,37,204,2
3,0,143,76,204,3
4,0,130,59,204,4
9,0,171,58,204,5
8,0,142,60,204,6
8,0,141,55,204,7
5,0,93,35,204,8
5,0,150,56,204,9
6,0,135,57,205,0
3,0,127,76,205,1
10,0,135,38,205,2
3,0,143,75,205,3
4,0,132,58,205,4
9,0,172,58,205,5
8,0,141,61,205,6
8,0,141,53,205,7
5,0,94,35,205,8
5,0,151,57,205,9
7,0,137,56,206,0
3,0,126,75,206,1
10,0,132,40,206,2
4,0,145,74,206,3
3,0,133,56,206,4
9,0,172,59,206,5
7,0,141,60,206,6
8,0,142,53,206,7
5,0,94,35,206,8
5,0,149,60,206,9
7,0,137,56,207,0
3,0,126,77,207,1
9,0,132,40,207,2
4,0,142,74,207,3
3,0,133,56,207,4
9,0,176,59,207,5
7,0,141,59,207,6
9,0,142,52,207,7
5,0,92,37,207,8
5,0,150,58,207,9
6,0,138,56,208,0
3,0,125,77,208,1
9,0,129,41,208,2
4,0,145,74,208,3
4,0,135,53,208,4
9,0,174,58,208,5
6,0,141,60,208,6
9,0,141,52,208,7
5,0,93,39,208,8
6,0,150,58,208,9
7,0,137,55,209,0
3,0,126,77,209,1
9,0,129,42,209,2
3,0,145,74,209,3
4,0,138,52,209,4
9,0,175,59,209,5
6,0,141,60,209,6
9,0,141,51,209,7
5,0,90,40,209,8
6,0,149,58,209,9
8,0,136,57,210,0
3,0,127,76,210,1
9,0,129,43,210,2
3,0,146,73,210,3
4,0,137,51,210,4
9,0,173,59,210,5
6,0,143,58,210,6
8,0,144,52,210,7
5,0,89,41,210,8
6,0,147,58,210,9
8,0,136,55,211,0
3,0,128,77,211,1
9,0,131,45,211,2
3,0,146,71,211,3
4,0,137,53,211,4
8,0,172,58,211,5
6,0,142,58,211,6
9,0,145,52,211,7
5,0,89,42,211,8
6,0,145,57,211,9
8,0,134,55,212,0
3,0,131,75,212,1
9,0,129,46,212,2
3,0,150,69,212,3
4,0,141,53,212,4
8,0,170,58,212,5
6,0,142,59,212,6
9,0,144,52,212,7
5,0,86,43,212,8
6,0,144,58,212,9
8,0,134,56,213,0
2,0,130,74,213,1
9,0,128,48,213,2
3,0,148,70,213,3
4,0,143,53,213,4
9,0,169,58,213,5
6,0,141,59,213,6
9,0,144,53,213,7
5,0,89,40,213,8
6,0,145,57,213,9
8,0,133,56,214,0
2,0,131,73,214,1
9,0,127,47,214,2
3,0,149,70,214,3
4,0,144,52,214,4
10,0,170,56,214,5
6,0,142,59,214,6
8,0,147,54,214,7
5,0,86,42,214,8
6,0,142,59,214,9
8,0,133,58,215,0
2,0,132,71,215,1
9,0,126,48,215,2
3,0,147,70,215,3
4,0,143,53,215,4
10,0,171,55,215,5
6,0,140,59,215,6
8,0,149,55,215,7
5,0,87,41,215,8
6,0,143,58,215,9
7,0,133,60,216,0
2,0,134,72,216,1
10,0,125,48,216,2
3,0,147,68,216,3
4,0,142,53,216,4
10,0,173,54,216,5
7,0,141,58,216,6
8,0,146,56,216,7
5,0,88,42,216,8
5,0,142,57,216,9
7,0,133,60,217,0
2,0,134,73,217,1
10,0,123,49,217,2
4,0,150,67,217,3
4,0,141,53,217,4
10,0,174,54,217,5
6,0,141,59,217,6
8,0,146,54,217,7
5,0,88,43,217,8
5,0,141,56,217,9
7,0,133,61,218,0
2,0,134,72,218,1
10,0,125,48,218,2
4,0,150,67,218,3
4,0,143,52,218,4
10,0,173,55,218,5
6,0,141,58,218,6
8,0,144,53,218,7
5,0,87,43,218,8
5,0,141,59,218,9
7,0,138,60,219,0
1,0,136,72,219,1
10,0,125,48,219,2
5,0,149,68,219,3
4,0,144,51,219,4
10,0,170,56,219,5
6,0,142,57,219,6
8,0,142,54,219,7
5,0,85,43,219,8
5,0,140,59,219,9
7,0,135,60,220,0
2,0,135,72,220,1
10,0,127,48,220,2
5,0,150,67,220,3
4,0,144,51,220,4
10,0,170,57,220,5
6,0,143,58,220,6
8,0,140,54,220,7
4,0,87,42,220,8
5,0,140,59,220,9
6,0,137,61,221,0
2,0,136,72,221,1
11,0,125,48,221,2
4,0,151,66,221,3
4,0,145,51,221,4
10,0,168,57,221,5
6,0,142,58,221,6
8,0,140,55,221,7
4,0,87,41,221,8
6,0,140,59,221,9
6,0,137,60,222,0
2,0,136,73,222,1
11,0,123,50,222,2
4,0,153,68,222,3
4,0,148,49,222,4
10,0,168,57,222,5
6,0,141,59,222,6
8,0,139,53,222,7
4,0,88,39,222,8
6,0,138,60,222,9
6,0,139,61,223,0
2,0,136,72,223,1
11,0,125,50,223,2
4,0,152,68,223,3
4,0,148,49,223,4
10,0,168,56,223,5
6,0,142,58,223,6
8,0,139,55,223,7
4,0,85,39,223,8
6,0,137,60,223,9
5,0,139,64,224,0
2,0,134,73,224,1
11,0,127,48,224,2
3,0,154,68,224,3
4,0,147,47,224,4
9,0,171,56,224,5
7,0,139,58,224,6
8,0,137,55,224,7
4,0,86,40,224,8
8,0,137,59,224,9
5,0,137,64,225,0
2,0,136,72,225,1
11,0,129,48,225,2
3,0,154,67,225,3
4,0,147,49,225,4
9,0,169,57,225,5
7,0,137,58,225,6
7,0,138,54,225,7
4,0,87,40,225,8
9,0,137,59,225,9
6,0,135,64,226,0
4,0,136,72,226,1
12,0,128,47,226,2
3,0,156,66,226,3
4,0,146,50,226,4
9,0,170,58,226,5
7,0,134,58,226,6
6,0,139,55,226,7
1,0,91,40,226,8
9,0,136,58,226,9
6,0,137,63,227,0
4,0,135,73,227,1
10,0,128,48,227,2
6,0,155,66,227,3
4,0,145,50,227,4
9,0,170,58,227,5
6,0,134,59,227,6
6,0,139,56,227,7
1,0,92,39,227,8
9,0,136,56,227,9
6,0,137,62,228,0
4,0,133,76,228,1
10,0,127,48,228,2
6,0,155,66,228,3
4,0,143,51,228,4
9,0,170,59,228,5
6,0,134,60,228,6
6,0,140,53,228,7
1,0,97,38,228,8
9,0,135,55,228,9
6,0,138,61,229,0
3,0,132,76,229,1
9,0,130,49,229,2
6,0,157,64,229,3
4,0,143,51,229,4
10,0,170,60,229,5
7,0,134,60,229,6
6,0,138,54,229,7
1,0,96,38,229,8
9,0,133,55,229,9
6,0,139,61,230,0
3,0,134,75,230,1
9,0,129,50,230,2
6,0,156,64,230,3
4,0,142,50,230,4
11,0,169,60,230,5
7,0,135,60,230,6
6,0,137,54,230,7
0,0,98,40,230,8
9,0,132,54,230,9
6,0,141,61,231,0
4,0,135,75,231,1
9,0,130,49,231,2
5,0,158,63,231,3
4,0,141,50,231,4
11,0,168,60,231,5
7,0,136,60,231,6
6,0,134,55,231,7
0,0,98,40,231,8
9,0,130,55,231,9
6,0,141,60,232,0
4,0,135,74,232,1
10,0,127,51,232,2
6,0,159,60,232,3
4,0,141,50,232,4
11,0,167,60,232,5
6,0,135,62,232,6
5,0,138,57,232,7
0,0,98,39,232,8
9,0,130,55,232,9
6,0,140,62,233,0
4,0,135,73,233,1
9,0,128,51,233,2
6,0,158,61,233,3
4,0,141,49,233,4
11,0,167,62,233,5
6,0,133,63,233,6
5,0,140,55,233,7
1,0,99,39,233,8
9,0,130,53,233,9
6,0,141,61,234,0
4,0,136,74,234,1
9,0,127,50,234,2
6,0,158,62,234,3
4,0,144,48,234,4
11,0,167,62,234,5
6,0,134,64,234,6
5,0,138,55,234,7
1,0,98,39,234,8
9,0,128,53,234,9
7,0,138,62,235,0
4,0,138,75,235,1
9,0,127,50,235,2
5,0,160,62,235,3
4,0,143,48,235,4
11,0,170,62,235,5
6,0,132,64,235,6
5,0,139,54,235,7
1,0,96,38,235,8
9,0,128,53,235,9
7,0,137,63,236,0
5,0,140,74,236,1
9,0,129,49,236,2
5,0,159,62,236,3
4,0,140,49,236,4
11,0,168,62,236,5
6,0,131,64,236,6
4,0,140,53,236,7
1,0,98,38,236,8
9,0,129,54,236,9
8,0,136,64,237,0
5,0,139,75,237,1
8,0,127,52,237,2
5,0,157,62,237,3
5,0,141,48,237,4
11,0,168,62,237,5
6,0,131,63,237,6
4,0,138,53,237,7
1,0,103,36,237,8
8,0,131,53,237,9
8,0,135,65,238,0
5,0,137,76,238,1
7,0,130,52,238,2
5,0,156,63,238,3
6,0,141,47,238,4
11,0,171,60,238,5
6,0,130,61,238,6
4,0,138,52,238,7
1,0,101,38,238,8
8,0,132,54,238,9
8,0,135,65,239,0
5,0,137,76,239,1
7,0,129,52,239,2
5,0,158,63,239,3
6,0,141,48,239,4
11,0,170,60,239,5
6,0,134,61,239,6
4,0,136,51,239,7
1,0,100,38,239,8
8,0,131,54,239,9
8,0,135,62,240,0
5,0,137,74,240,1
7,0,127,54,240,2
5,0,157,66,240,3
6,0,141,47,240,4
11,0,170,61,240,5
6,0,136,59,240,6
4,0,133,52,240,7
1,0,100,38,240,8
8,0,135,55,240,9
7,0,137,61,241,0
5,0,137,74,241,1
7,0,125,56,241,2
5,0,158,67,241,3
6,0,143,46,241,4
11,0,167,61,241,5
6,0,135,59,241,6
4,0,135,51,241,7
1,0,100,38,241,8
9,0,134,55,241,9
7,0,137,61,242,0
5,0,140,72,242,1
7,0,123,59,242,2
5,0,160,68,242,3
6,0,142,46,242,4
11,0,166,61,242,5
6,0,133,61,242,6
4,0,135,51,242,7
1,0,101,35,242,8
9,0,134,54,242,9
7,0,138,62,243,0
5,0,140,72,243,1
7,0,123,58,243,2
5,0,160,67,243,3
6,0,142,45,243,4
11,0,167,61,243,5
6,0,135,61,243,6
4,0,133,51,243,7
1,0,100,35,243,8
9,0,133,56,243,9
8,0,138,61,244,0
5,0,139,73,244,1
7,0,125,58,244,2
5,0,157,68,244,3
6,0,141,45,244,4
11,0,167,63,244,5
6,0,135,61,244,6
3,0,134,51,244,7
1,0,101,34,244,8
9,0,134,54,244,9
8,0,138,61,245,0
5,0,140,72,245,1
7,0,127,57,245,2
5,0,157,65,245,3
6,0,142,45,245,4
11,0,167,64,245,5
6,0,134,62,245,6
3,0,134,50,245,7
1,0,98,37,245,8
9,0,134,55,245,9
8,0,140,60,246,0
5,0,140,70,246,1
6,0,125,58,246,2
5,0,159,65,246,3
6,0,141,46,246,4
11,0,167,64,246,5
7,0,135,62,246,6
3,0,132,51,246,7
1,0,98,37,246,8
9,0,134,55,246,9
8,0,141,58,247,0
4,0,140,70,247,1
6,0,124,57,247,2
5,0,160,65,247,3
6,0,140,44,247,4
11,0,167,65,247,5
7,0,135,62,247,6
3,0,132,51,247,7
2,0,99,41,247,8
9,0,133,55,247,9
8,0,140,59,248,0
4,0,138,70,248,1
6,0,127,57,248,2
5,0,160,65,248,3
6,0,139,45,248,4
11,0,167,65,248,5
7,0,133,62,248,6
3,0,134,51,248,7
2,0,100,40,248,8
9,0,133,54,248,9
8,0,140,60,249,0
3,0,137,72,249,1
6,0,127,55,249,2
5,0,160,65,249,3
7,0,138,43,249,4
12,0,167,63,249,5
7,0,133,61,249,6
3,0,134,54,249,7
2,0,101,41,249,8
8,0,134,54,249,9
7,0,142,59,250,0
3,0,136,75,250,1
6,0,125,56,250,2
5,0,159,64,250,3
7,0,137,43,250,4
12,0,170,63,250,5
8,0,132,60,250,6
3,0,135,53,250,7
2,0,102,40,250,8
8,0,133,55,250,9
